peptide,-10logOdds,percentile_rank
VNGYNEAIVHVVETP,26.096784479388965,1.7982905702723602
IKSEHPGLSIGDVAK,28.51906056754387,14.708167060725673
KESVVSGKAVPREEL,26.195585528673668,1.9979640447254532
